{"cameraMode":{"drawMode":0,"name":"Shaded","section":"Shading Mode"},"sceneLighting":true,"audioPlay":false,"sceneViewState":{"m_AlwaysRefresh":false,"showFog":true,"showSkybox":true,"showFlares":true,"showImageEffects":true,"showParticleSystems":true,"showVisualEffectGraphs":true,"m_FxEnabled":true},"in2DMode":false,"pivot":{"x":9.021636009216309,"y":5.040188789367676,"z":1.013930320739746},"rotation":{"x":-0.12299726903438568,"y":-0.003872751025483012,"z":0.0004806352953892201,"w":-0.9924088716506958},"size":12.167947769165039,"orthographic":false}