{"cameraMode":{"drawMode":0,"name":"Shaded","section":"Shading Mode"},"sceneLighting":true,"audioPlay":false,"sceneViewState":{"m_AlwaysRefresh":false,"showFog":true,"showSkybox":true,"showFlares":true,"showImageEffects":true,"showParticleSystems":true,"showVisualEffectGraphs":true,"m_FxEnabled":true},"in2DMode":false,"pivot":{"x":230.6798095703125,"y":133.9431610107422,"z":35.46392822265625},"rotation":{"x":-0.07222195714712143,"y":0.026025978848338128,"z":-0.0018852540524676443,"w":-0.9970482587814331},"size":206.0364990234375,"orthographic":false}